datetime,signal,indicadores
2025-04-14 14:30:00+00:00,NEUTRA,[]
2025-04-14 15:30:00+00:00,NEUTRA,[]
2025-04-14 16:30:00+00:00,NEUTRA,[]
2025-04-14 17:30:00+00:00,NEUTRA,[]
2025-04-14 18:30:00+00:00,NEUTRA,[]
2025-04-14 19:30:00+00:00,NEUTRA,[]
2025-04-15 13:30:00+00:00,NEUTRA,[]
2025-04-15 14:30:00+00:00,NEUTRA,[]
2025-04-15 15:30:00+00:00,NEUTRA,[]
2025-04-15 16:30:00+00:00,NEUTRA,[]
2025-04-15 17:30:00+00:00,NEUTRA,[]
2025-04-15 18:30:00+00:00,NEUTRA,[]
2025-04-15 19:30:00+00:00,NEUTRA,[]
2025-04-16 13:30:00+00:00,NEUTRA,[]
2025-04-16 14:30:00+00:00,NEUTRA,[]
2025-04-16 15:30:00+00:00,NEUTRA,[]
2025-04-16 16:30:00+00:00,NEUTRA,[]
2025-04-16 17:30:00+00:00,NEUTRA,[]
2025-04-16 18:30:00+00:00,NEUTRA,[]
2025-04-16 19:30:00+00:00,NEUTRA,[]
2025-04-17 13:30:00+00:00,NEUTRA,[]
2025-04-17 14:30:00+00:00,NEUTRA,[]
2025-04-17 15:30:00+00:00,NEUTRA,[]
2025-04-17 16:30:00+00:00,NEUTRA,[]
2025-04-17 17:30:00+00:00,NEUTRA,[]
2025-04-17 18:30:00+00:00,NEUTRA,[]
2025-04-17 19:30:00+00:00,NEUTRA,[]
2025-04-21 13:30:00+00:00,NEUTRA,[]
2025-04-21 14:30:00+00:00,NEUTRA,[]
2025-04-21 15:30:00+00:00,NEUTRA,[]
2025-04-21 16:30:00+00:00,NEUTRA,[]
2025-04-21 17:30:00+00:00,NEUTRA,[]
2025-04-21 18:30:00+00:00,NEUTRA,['MACD cruce bajista']
2025-04-21 19:30:00+00:00,NEUTRA,['MACD cruce alcista']
2025-04-22 13:30:00+00:00,NEUTRA,['MACD cruce alcista']
2025-04-22 14:30:00+00:00,NEUTRA,['MACD cruce alcista']
2025-04-22 15:30:00+00:00,NEUTRA,['MACD cruce alcista']
2025-04-22 16:30:00+00:00,NEUTRA,['MACD cruce alcista']
2025-04-22 17:30:00+00:00,NEUTRA,['MACD cruce alcista']
2025-04-22 18:30:00+00:00,NEUTRA,['MACD cruce alcista']
2025-04-22 19:30:00+00:00,NEUTRA,['MACD cruce alcista']
2025-04-23 13:30:00+00:00,NEUTRA,['MACD cruce alcista']
2025-04-23 14:30:00+00:00,NEUTRA,['MACD cruce alcista']
2025-04-23 15:30:00+00:00,NEUTRA,['MACD cruce alcista']
2025-04-23 16:30:00+00:00,NEUTRA,['MACD cruce alcista']
2025-04-23 17:30:00+00:00,NEUTRA,['MACD cruce alcista']
2025-04-23 18:30:00+00:00,NEUTRA,['MACD cruce alcista']
2025-04-23 19:30:00+00:00,NEUTRA,['MACD cruce alcista']
2025-04-24 13:30:00+00:00,NEUTRA,['MACD cruce alcista']
2025-04-24 14:30:00+00:00,NEUTRA,['MACD cruce alcista']
2025-04-24 15:30:00+00:00,NEUTRA,['MACD cruce alcista']
2025-04-24 16:30:00+00:00,NEUTRA,['MACD cruce alcista']
2025-04-24 17:30:00+00:00,NEUTRA,['MACD cruce alcista']
2025-04-24 18:30:00+00:00,NEUTRA,['MACD cruce alcista']
2025-04-24 19:30:00+00:00,NEUTRA,['MACD cruce alcista']
2025-04-25 13:30:00+00:00,NEUTRA,['MACD cruce alcista']
2025-04-25 14:30:00+00:00,NEUTRA,['MACD cruce alcista']
2025-04-25 15:30:00+00:00,NEUTRA,['MACD cruce alcista']
2025-04-25 16:30:00+00:00,NEUTRA,['MACD cruce alcista']
2025-04-25 17:30:00+00:00,NEUTRA,['MACD cruce alcista']
2025-04-25 18:30:00+00:00,NEUTRA,['MACD cruce alcista']
2025-04-25 19:30:00+00:00,NEUTRA,['MACD cruce alcista']
2025-04-28 13:30:00+00:00,NEUTRA,['MACD cruce bajista']
2025-04-28 14:30:00+00:00,NEUTRA,['MACD cruce bajista']
2025-04-28 15:30:00+00:00,NEUTRA,['MACD cruce bajista']
2025-04-28 16:30:00+00:00,NEUTRA,['MACD cruce bajista']
2025-04-28 17:30:00+00:00,NEUTRA,['MACD cruce bajista']
2025-04-28 18:30:00+00:00,NEUTRA,['MACD cruce bajista']
2025-04-28 19:30:00+00:00,NEUTRA,['MACD cruce bajista']
2025-04-29 13:30:00+00:00,NEUTRA,['MACD cruce bajista']
2025-04-29 14:30:00+00:00,NEUTRA,['MACD cruce bajista']
2025-04-29 15:30:00+00:00,NEUTRA,['MACD cruce bajista']
2025-04-29 16:30:00+00:00,NEUTRA,['MACD cruce bajista']
2025-04-29 17:30:00+00:00,NEUTRA,['MACD cruce bajista']
2025-04-29 18:30:00+00:00,NEUTRA,['MACD cruce bajista']
2025-04-29 19:30:00+00:00,NEUTRA,['MACD cruce bajista']
2025-04-30 13:30:00+00:00,NEUTRA,['MACD cruce bajista']
2025-04-30 14:30:00+00:00,NEUTRA,['MACD cruce bajista']
2025-04-30 15:30:00+00:00,NEUTRA,['MACD cruce bajista']
2025-04-30 16:30:00+00:00,NEUTRA,['MACD cruce bajista']
2025-04-30 17:30:00+00:00,NEUTRA,['MACD cruce bajista']
2025-04-30 18:30:00+00:00,NEUTRA,['MACD cruce bajista']
2025-04-30 19:30:00+00:00,NEUTRA,['MACD cruce bajista']
2025-05-01 13:30:00+00:00,NEUTRA,['MACD cruce bajista']
2025-05-01 14:30:00+00:00,NEUTRA,['MACD cruce bajista']
2025-05-01 15:30:00+00:00,NEUTRA,['MACD cruce bajista']
2025-05-01 16:30:00+00:00,NEUTRA,['MACD cruce bajista']
2025-05-01 17:30:00+00:00,NEUTRA,['MACD cruce bajista']
2025-05-01 18:30:00+00:00,NEUTRA,['MACD cruce bajista']
2025-05-01 19:30:00+00:00,NEUTRA,['MACD cruce bajista']
2025-05-02 13:30:00+00:00,NEUTRA,['MACD cruce bajista']
2025-05-02 14:30:00+00:00,NEUTRA,['MACD cruce bajista']
2025-05-02 15:30:00+00:00,NEUTRA,['MACD cruce bajista']
2025-05-02 16:30:00+00:00,NEUTRA,['MACD cruce bajista']
2025-05-02 17:30:00+00:00,NEUTRA,['MACD cruce bajista']
2025-05-02 18:30:00+00:00,NEUTRA,['MACD cruce bajista']
2025-05-02 19:30:00+00:00,NEUTRA,['MACD cruce bajista']
2025-05-05 13:30:00+00:00,NEUTRA,['MACD cruce bajista']
2025-05-05 14:30:00+00:00,NEUTRA,['MACD cruce bajista']
2025-05-05 15:30:00+00:00,NEUTRA,['MACD cruce bajista']
2025-05-05 16:30:00+00:00,NEUTRA,['MACD cruce bajista']
2025-05-05 17:30:00+00:00,NEUTRA,['MACD cruce bajista']
2025-05-05 18:30:00+00:00,NEUTRA,['MACD cruce bajista']
2025-05-05 19:30:00+00:00,NEUTRA,['MACD cruce bajista']
2025-05-06 13:30:00+00:00,NEUTRA,['MACD cruce bajista']
2025-05-06 14:30:00+00:00,NEUTRA,['MACD cruce bajista']
2025-05-06 15:30:00+00:00,NEUTRA,['MACD cruce bajista']
2025-05-06 16:30:00+00:00,NEUTRA,['MACD cruce bajista']
2025-05-06 17:30:00+00:00,NEUTRA,['MACD cruce bajista']
2025-05-06 18:30:00+00:00,NEUTRA,['MACD cruce alcista']
2025-05-06 19:30:00+00:00,NEUTRA,['MACD cruce alcista']
2025-05-07 13:30:00+00:00,NEUTRA,['MACD cruce alcista']
2025-05-07 14:30:00+00:00,NEUTRA,['MACD cruce bajista']
2025-05-07 15:30:00+00:00,NEUTRA,['MACD cruce bajista']
2025-05-07 16:30:00+00:00,NEUTRA,['MACD cruce bajista']
2025-05-07 17:30:00+00:00,NEUTRA,['MACD cruce bajista']
2025-05-07 18:30:00+00:00,NEUTRA,['MACD cruce bajista']
2025-05-07 19:30:00+00:00,NEUTRA,['MACD cruce bajista']
2025-05-08 13:30:00+00:00,NEUTRA,['MACD cruce alcista']
2025-05-08 14:30:00+00:00,NEUTRA,['MACD cruce alcista']
2025-05-08 15:30:00+00:00,NEUTRA,['MACD cruce alcista']
2025-05-08 16:30:00+00:00,NEUTRA,['MACD cruce alcista']
2025-05-08 17:30:00+00:00,NEUTRA,['MACD cruce alcista']
2025-05-08 18:30:00+00:00,NEUTRA,['MACD cruce alcista']
2025-05-08 19:30:00+00:00,NEUTRA,['MACD cruce alcista']
2025-05-09 13:30:00+00:00,NEUTRA,['MACD cruce alcista']
2025-05-09 14:30:00+00:00,NEUTRA,['MACD cruce alcista']
2025-05-09 15:30:00+00:00,NEUTRA,['MACD cruce alcista']
2025-05-09 16:30:00+00:00,NEUTRA,['MACD cruce alcista']
2025-05-09 17:30:00+00:00,NEUTRA,['MACD cruce alcista']
2025-05-09 18:30:00+00:00,NEUTRA,['MACD cruce alcista']
2025-05-09 19:30:00+00:00,NEUTRA,['MACD cruce alcista']
2025-05-12 13:30:00+00:00,NEUTRA,['MACD cruce alcista']
2025-05-12 14:30:00+00:00,NEUTRA,['MACD cruce alcista']
2025-05-12 15:30:00+00:00,NEUTRA,['MACD cruce alcista']
2025-05-12 16:30:00+00:00,NEUTRA,['MACD cruce alcista']
2025-05-12 17:30:00+00:00,NEUTRA,['MACD cruce alcista']
2025-05-12 18:30:00+00:00,NEUTRA,['MACD cruce alcista']
2025-05-12 19:30:00+00:00,NEUTRA,['MACD cruce alcista']
2025-05-13 13:30:00+00:00,NEUTRA,['MACD cruce alcista']
2025-05-13 14:30:00+00:00,NEUTRA,['MACD cruce alcista']
2025-05-13 15:30:00+00:00,NEUTRA,['MACD cruce alcista']
2025-05-13 16:30:00+00:00,NEUTRA,['MACD cruce alcista']
2025-05-13 17:30:00+00:00,NEUTRA,['MACD cruce alcista']
2025-05-13 18:30:00+00:00,NEUTRA,['MACD cruce alcista']
2025-05-13 19:30:00+00:00,NEUTRA,['MACD cruce alcista']
2025-05-14 13:30:00+00:00,NEUTRA,['MACD cruce alcista']
2025-05-14 14:30:00+00:00,NEUTRA,['MACD cruce alcista']
2025-05-14 15:30:00+00:00,NEUTRA,['MACD cruce alcista']
2025-05-14 16:30:00+00:00,NEUTRA,['MACD cruce bajista']
2025-05-14 17:30:00+00:00,NEUTRA,['MACD cruce bajista']
2025-05-14 18:30:00+00:00,NEUTRA,['MACD cruce bajista']
2025-05-14 19:30:00+00:00,NEUTRA,['MACD cruce bajista']
2025-05-15 13:30:00+00:00,NEUTRA,['MACD cruce bajista']
2025-05-15 14:30:00+00:00,NEUTRA,['MACD cruce bajista']
2025-05-15 15:30:00+00:00,NEUTRA,['MACD cruce bajista']
2025-05-15 16:30:00+00:00,NEUTRA,['MACD cruce bajista']
2025-05-15 17:30:00+00:00,NEUTRA,['MACD cruce bajista']
2025-05-15 18:30:00+00:00,NEUTRA,['MACD cruce bajista']
2025-05-15 19:30:00+00:00,NEUTRA,['MACD cruce bajista']
2025-05-16 13:30:00+00:00,NEUTRA,['MACD cruce bajista']
2025-05-16 14:30:00+00:00,NEUTRA,['MACD cruce bajista']
2025-05-16 15:30:00+00:00,NEUTRA,['MACD cruce bajista']
2025-05-16 16:30:00+00:00,NEUTRA,['MACD cruce bajista']
2025-05-16 17:30:00+00:00,NEUTRA,['MACD cruce bajista']
2025-05-16 18:30:00+00:00,NEUTRA,['MACD cruce bajista']
2025-05-16 19:30:00+00:00,NEUTRA,['MACD cruce bajista']
2025-05-19 13:30:00+00:00,NEUTRA,['MACD cruce bajista']
2025-05-19 14:30:00+00:00,NEUTRA,['MACD cruce bajista']
2025-05-19 15:30:00+00:00,NEUTRA,['MACD cruce bajista']
2025-05-19 16:30:00+00:00,NEUTRA,['MACD cruce bajista']
2025-05-19 17:30:00+00:00,NEUTRA,['MACD cruce bajista']
2025-05-19 18:30:00+00:00,NEUTRA,['MACD cruce bajista']
2025-05-19 19:30:00+00:00,NEUTRA,['MACD cruce bajista']
2025-05-20 13:30:00+00:00,NEUTRA,['MACD cruce bajista']
2025-05-20 14:30:00+00:00,NEUTRA,['MACD cruce bajista']
2025-05-20 15:30:00+00:00,NEUTRA,['MACD cruce bajista']
2025-05-20 16:30:00+00:00,NEUTRA,['MACD cruce bajista']
2025-05-20 17:30:00+00:00,NEUTRA,['MACD cruce bajista']
2025-05-20 18:30:00+00:00,NEUTRA,['MACD cruce bajista']
2025-05-20 19:30:00+00:00,NEUTRA,['MACD cruce bajista']
2025-05-21 13:30:00+00:00,NEUTRA,['MACD cruce bajista']
2025-05-21 14:30:00+00:00,NEUTRA,['MACD cruce bajista']
2025-05-21 15:30:00+00:00,NEUTRA,['MACD cruce bajista']
2025-05-21 16:30:00+00:00,NEUTRA,['MACD cruce bajista']
2025-05-21 17:30:00+00:00,NEUTRA,['MACD cruce bajista']
2025-05-21 18:30:00+00:00,NEUTRA,['MACD cruce bajista']
2025-05-21 19:30:00+00:00,NEUTRA,['MACD cruce bajista']
2025-05-22 13:30:00+00:00,NEUTRA,['MACD cruce bajista']
2025-05-22 14:30:00+00:00,NEUTRA,['MACD cruce bajista']
2025-05-22 15:30:00+00:00,NEUTRA,['MACD cruce bajista']
2025-05-22 16:30:00+00:00,NEUTRA,['MACD cruce bajista']
2025-05-22 17:30:00+00:00,NEUTRA,['MACD cruce bajista']
2025-05-22 18:30:00+00:00,NEUTRA,['MACD cruce bajista']
2025-05-22 19:30:00+00:00,NEUTRA,['MACD cruce bajista']
2025-05-23 13:30:00+00:00,NEUTRA,['MACD cruce bajista']
2025-05-23 14:30:00+00:00,NEUTRA,['MACD cruce bajista']
2025-05-23 15:30:00+00:00,NEUTRA,['MACD cruce bajista']
2025-05-23 16:30:00+00:00,NEUTRA,['MACD cruce bajista']
2025-05-23 17:30:00+00:00,NEUTRA,['MACD cruce bajista']
2025-05-23 18:30:00+00:00,NEUTRA,['MACD cruce bajista']
2025-05-23 19:30:00+00:00,NEUTRA,['MACD cruce bajista']
2025-05-27 13:30:00+00:00,NEUTRA,['MACD cruce bajista']
2025-05-27 14:30:00+00:00,NEUTRA,['MACD cruce alcista']
2025-05-27 15:30:00+00:00,NEUTRA,['MACD cruce alcista']
2025-05-27 16:30:00+00:00,NEUTRA,['MACD cruce alcista']
2025-05-27 17:30:00+00:00,NEUTRA,['MACD cruce alcista']
2025-05-27 18:30:00+00:00,NEUTRA,['MACD cruce alcista']
2025-05-27 19:30:00+00:00,NEUTRA,['MACD cruce alcista']
